opensuse_project:opensuse;suse:opensuse;novell:opensuse;opensuse:opensuse;suse:open_suse;novell:suse_linux;opensuse_project:opensuse
sun:opensolaris;oracle:opensolaris
apache:openoffice;openoffice:openoffice;openoffice:openoffice.org;sun:openoffice.org;apache:openoffice.org;sun:openoffice.org_installer
libcurl:libcurl;curl:curl;curl:libcurl;haxx:curl;haxx:libcurl
horde:groupware;horde:imp;horde:application_framework;horde:horde_application_framework;horde:horde_groupware;imp:imp
mirabilis:icq;aol:icq;icq:mirabilis_icq;icq:icq;mirabilis:icq_98a
clamav:clamav;clam_anti-virus:clamav;clamavs:clamav;clamavclamav:0.11;cclamav:clamav;clamavclamav:0.80_rc4;
pidgin:pidgin;rob_flynn:gaim;
oracle:glassfish_server;oracle:sun_glassfish_enterprise_server;oracle:glassfish_web_space_server10.0;oracle:glassfish;sun:glassfish_enterprise_server
digium:asterisk;asterisk:asterisk;digium:asterisknow_pre-release;asterisk:s800i;asterisk:open_source;asterisk:digiumphones;asterisk:certified_asterisk;digium:certified_asterisk;digium:asteriske;digium:asterisk_digiumphones
google:android;android:android_browser;android:opencore;google:android_debug_bridge;google:android_api;google:android_browser
linux:linux_kernel;linux_kernel;linux:linux_kernel-rt;linux:kernel
chromium:chromium;google:chrome
graphicsmagick:graphicsmagick;imagemagick:graphicsmagick;imagemagick:imagemagick;imagemagick:libmagick_library
w3m:w3m;w3m_project:w3mz
xorg:x11;x:x.org_x11;x:libxi;x:libx11;x.org:x11r7;x.org:x.org_x11
xoops:xoops;xoops:xoops_rmsoft_gallery_system;xoops:xoops_glossaire_module;xoops:tutoriais_module;xoops_hocasi:gesgaleri;xoops:zmagazine_module;xoops:xt-conteudo_module;xoops:xoopsgallery_module;xoops:xoops_virii_info_module;xoops:xoops_popnupblog;xoops:xoops_pool_module;xoops:xoops_dictionary;xoops:xoops_cube;xoops:xm-memberstats;xoops:xm_memberstats;xoops:xfsection_module;xoops:wiwimod_module;xoops:wf-snippets;xoops:wfquotes_module;xoops:wf-downloads;xoops:uploader;xoops:tinycontent_module;xoops:tiny_event_module;xoops:rha7_downloads_module;xoops:repository_module;xoops:prayer_list_module;xoops:mytopics;xoops:mylinks_module;xoops:myconference_module;xoops:malaika_system_myads_module;xoops:makale;xoops:library_module;xoops:kshop_module;xoops:john_mordo_jobs_module;xoops:icontent_module;xoops:horoscope_module;xoops:happy_linux_xfsection_module;xoops:glossaire_module;xoops:friendfinder_module;xoops:flashgames_module;xoops:eempregos_module;xoops:core_module;xoops:cjay_content_module;xoops:articles_module;xoops:article_module;
apache:struts;apache:struts2-showcase
apache:subversion;subversion:subversion
apache:tomcat;apache_software_foundation:tomcat;apache:tomcat_jk_web_server_connector;apache_tomcat:apache_tomcat;apache:tomcat_connectors
apple:cups;cups:cups
cacti:cacti;the_cacti_group:cacti
clamav:clamav;clamavs:clamav;clamavclamav:0.80_rc4;clamavclamav:0.11;cclamav:clamav;clam_anti-virus:clamav
cmsmadesimple:cms_made_simple;cms_made_simple:cms_made_simple;
coppermine:coppermine_photo_gallery;coppermine-gallery:coppermine_photo_gallery
devellion:cubecart;cubecart:cubecart
djangoproject:django;django_project:django;djangoproject:tastypie;djangoproject:piston
dotnetnuke:dotnetnuke;dotnetnuke:dotnetnuke_iframe;
dovecot:dovecot;timo_sirainen:dovecot
drupal:drupal;drupal:zen;drupal:workflow;drupal:weblinks;drupal:webform_module;drupal:views_bulk_operations;drupal:userpoints_module;drupal:upload_module;drupal:tribune;drupal:token_module;drupal:tinytax_taxonomy_block_module;drupal:textimage;drupal:taxonomy_theme_module;drupal:taxonomy_manager;drupal:taxonomy_image_module;drupal:tasklist;drupal:suggested_terms_module;drupal:storm;drupal:stock_module;drupal:skeleton_theme;drupal:site_profile_directory_module;drupal:site_documentation_module;drupal:simplecorp;drupal:shoutbox;drupal:services_module_for_drupal;drupal:semantically_interconnected_online_communities;drupal:search_keyword_module;drupal:recipe_module;drupal:realname;drupal:randomizer;drupal:quiz;drupal:protected_node_module;drupal:project_issue_file_review;drupal:professional_theme;drupal:print_module;drupal:plus1;drupal:petition_node_module;drupal:paypal_node_module;drupal:pathauto_module;drupal:outline_designer_module;drupal:organic_groups_menu;drupal:openid;drupal:nodequeue;drupal:nodefamily;drupal:nodeaccess_userreference;drupal:node_relativity_module;drupal:node_hierarchy_module;drupal:node_clone;drupal:nivo_slider;drupal:newsflash;drupal:news_page;drupal:mrbs_module;drupal:modal_frame;drupal:meta_tags_module;drupal:mediafield_module;drupal:mayo;drupal:mailsave;drupal:mailhandler;drupal:magic_tabs_module;drupal:maestro;drupal:localizer;drupal:localization_server;drupal:link_to_us;drupal:link_module;drupal:job_search;drupal:invite_module;drupal:header_image;drupal:getid3;drupal:fullname_field_for_cck;drupal:forward_module;drupal:form_mail_module;drupal:fileshare_module;drupal:feedapi_mapper;drupal:feature_module;drupal:faq;drupal:extended_tracker;drupal:e-commerce_module;drupal:drupal_userreview_module;drupal:drupal_pubcookie_module;drupal:drupal_project;drupal:drupal_pathauto_module;drupal:drupal_mysite;drupal:drupal_e-commerce_module;drupal:drupal_core;drupal:doubleclick_for_publishers;drupal:devel_module;drupal:cvs_management_and_tracker;drupal:context_form_alteration_module;drupal:commons;drupal:comment_upload_module;drupal:comment_mail;drupal:cck_comment_reference;drupal:bueditor;drupal:bluemasters;drupal:audio_module;drupal:atom_module;drupal:asin_field_module;drupal:archive_module;drupal:acidfree;drupac:touch
e107:e107;e107:my_gallery;e107:easyshop_plugin;e107:chatbox_plugin;e107:alternate_profiles_plugin
exponentcms:exponent_cms;exponent:exponent;exponent:exponent_cms;oicgroup:exponent_cms
fedoraproject:fedora;fedoraproject:389_directory_server;redhat:fedora;fedoraproject:sssd;fedora:directory_server;redhat:fedora_directory_server;redhat:fedora_8;red_hat:fedora_directory_server;red_hat:fedora_core;fedoraproject:networkmanager;fedoraproject:libnm-util;fedoraproject:fedora_core;fedoraproject:crypto-utils;fedoraproject:coolkey;fedoraproject:commons;fedoraproject:anaconda;fedora:newsx
firebirdsql:firebird;firebird:firebird
flatnuke:flatnuke;flatnuke3:flatnuke3
francisco_burzi:php-nuke;phpnuke:php-nuke;php-nuke:php-nuke;phpnuke:web_links_module;php-nuke:sections_module;francisco_burzi:php-nuke_ev
francisco_burzi:php-nuke;php-nuke:zclassifieds;phpnuke:submit_news_module;php-nuke:satel_lite;phpnuke:sarkilar_module;php-nuke:recipe_module;php-nuke:pool_module;php-nuke:php-nuke_module_docum;phpnuke:phpnuke;phpnuke:okul_module;phpnuke:nukestyles_viewpage_module;php-nuke:nukec_module;php-nuke:news_module;phpnuke:myheadlines;php-nuke:mermaid_module;php-nuke:manuales;php-nuke:league_module;phpnuke:kutubisitte_component;phpnuke:kose_yazilari_module;php-nuke:inp;php-nuke:inhalt_module;php-nuke:iframe_module;php-nuke:hadith_module;php-nuke:ev;php-nuke:emporium_module;php-nuke:eboard_module;phpnuke:easycontent_module;php-nuke:downloadsplus_module;php-nuke:downloads_module;php-nuke:current_issue_module;phpnuke:book;php-nuke:autohtml_module;php-nuke:advanced_classified_module;phpnuke:4ndvddb;phpnuke:4nchat
freetype:freetype;freetype:freetype2
geeklog:geeklog;geeklog_project:geeklog;geeklog:media_gallery
gentoo:linux;gentoo:syslinux;gentoo:rootkit_hunter;gentoo:qt-unixodbc;gentoo:poppassd_pam;gentoo:php_toolkit;gentoo:nview;gentoo:nvclock;gentoo:nullmailer;gentoo:mldonkey_ebuild;gentoo:mirrorselect;gentoo:media-libs_jpeg;gentoo:linux_webapp-config;gentoo:linux_eix;gentoo:glibc;gentoo:file;gentoo:app-crypt_pinentry;gentoo:xnview;gentoo:xdg-utils;gentoo:libsndfile;gentoo:fence;gentoo:cman
gnu:gnutls;gnu:gnutls_libtasn1
gnu:mailman;mailman:mailman
chromium:chromium;google:chrome;chromium_project:chromium;google:chrome_frame
jenkins:jenkins;jenkins-ci:monitoring_plugin;jenkins-ci:build_failure_analyzer;jenkins-ci:subversion-plugin;jenkins-ci:exclusion;jenkins:tap_plugin;jenkins:script_security;jenkins:image_gallery_plugin;jenkins:extra_columns_plugin;
joomla:joomla;joomla:xstandard;joomla:x-shop_component;joomla:webring_component;joomla:tour_de_france_pool;joomla:taskhopper_component;joomla:swmenu_component;joomla:session;joomla:sef4040x;joomla:rwcards_component;joomla:rssxt_component;joomla:rsfiles;joomla:rapid_recipe;joomla:prince_clan_chess_component;joomla:pony_gallery;joomla:performs_component;joomla:pc_cookbook;joomla:nice_talk;joomla:nfn_address_book;joomla:neorecruit;joomla:musepoes_component;joomla:mosmedia;joomla:moslistmessenger_component;joomla:lmo;joomla:letterman_subscriber;joomla:kemas_antonius_com_quran;joomla:joomlalib;joomla:joomla_radio;joomla:joom12pic_component;joomla:jim_instant_messaging_component;joomla:jim_component;joomla:jd-wordpress;joomla:jambook;joomla:j_reactions;joomla:ignitegallery;joomla:hot_properties;joomla:glossary;joomla:flash_fun_component;joomla:expose;joomla:events_module;joomla:eventlist;joomla:easybook_component;joomla:datsogallery;joomla:com_yvcomment;joomla:com_ynews;joomla:com_xsstream-dm;joomla:com_xewebtv;joomla:com_waticketsystem;joomla:com_user;joomla:com_sobi2;joomla:com_simpleshop;joomla:com_shambo2;joomla:com_search_component;joomla:com_search;joomla:com_school;joomla:com_scheduling_component;joomla:com_salesrep;joomla:com_rssreader;joomla:com_ricette_component;joomla:com_recipes;joomla:com_quiz;joomla:com_profile;joomla:com_paxgallery;joomla:com_noticias;joomla:com_newsletter;joomla:com_newsfeeds;joomla:com_news_portal;joomla:com_neoreferences;joomla:com_neogallery;joomla:com_mycontent;joomla:com_musica;joomla:com_mosmedia;joomla:com_mezun;joomla:com_mediaslide;joomla:com_mcquiz;joomla:com_marketplace;joomla:com_mamml;joomla:com_lms;joomla:com_libros;joomla:com_jvcomment;joomla:com_jotloader;joomla:com_joomradio;joomla:com_joobb;joomla:com_jokes;joomla:com_jb2;joomla:com_iomezun;joomla:com_imagebrowser;joomla:com_idoblog;joomla:com_hotproperties;joomla:com_gsticketsystem;joomla:com_garyscookbook;joomla:com_gameq;joomla:com_gallery;joomla:com_galeria;joomla:com_fq;joomla:com_flippingbook;joomla:com_filebase_component;joomla:com_ezstore;joomla:com_expshop;joomla:com_ewriting;joomla:com_events;joomla:com_eventing;joomla:com_elite_experts;joomla:com_dtregister;joomla:com_doc;joomla:com_directory;joomla:com_dhforum;joomla:com_detail;joomla:com_datsogallery;joomla:com_content;joomla:com_comprofiler_component;joomla:com_comprofiler;joomla:com_comments;joomla:com_classifieds;joomla:com_clasifier;joomla:com_casinobase;joomla:com_casino_videopoker;joomla:com_casino;joomla:com_casiino_blackjack;joomla:com_camelcitydb2;joomla:com_buslicense;joomla:com_brightweblinks;joomla:com_books;joomla:com_biblestudy;joomla:com_awesom;joomla:com_artistavenue;joomla:com_acctexp;joomla:com_acajoom;joomla:colophon;joomla:classifieds_component;joomla:car_manager;joomla:bibtex;joomla:be_it_easypartner_component;joomla:akobook;joomla:joomla%2;joomla:joomla!;joomla:bsq_sitestats;joomla:rs_gallery;joomla:com_weblinks;joomla:com_beamospetition;joomla:jd-wiki;joomla:com_sef;joomla:com_rapidrecipe;joomla:com_pccookbook;joomla:com_pcchess;joomla:com_mailto;joomla:com_facileforms;joomla:com_downloads;joomla:com_astatspro
kde:konqueror;konqueror:konqueror
libarchive:libarchive;freebsd:libarchiv
libpng:libpng;redhat:libpng
libtiff:libtiff;libtiff_project:libtiff
lockon:ec-cube;ec-cube:ec-cube;ec-cube:ec-cube_ver2;ec-cube:coupon_plugin
mantisbt:mantisbt;mantisbt:mantisbt_source_integration_plugin
mediawiki:mediawiki;mediawiki:mediawiki_botquery_ext;mediawiki:mediawik
mit:kerberos;mit:mit_kerberos;mit:kerberos_5;mit:kerberos_ftp_client
modx:modx_revolution;modxcms:modxcms;modxcms:evolution;modxcms:filedownload;modx:revolution
moinmoin:moinmoin;moinmo:moinmoin
mozilla:network_security_services;mozilla:nss
mplayer:mplayer;mplayerhq:mplayer;mplayer2:mplayer2
mybb:mybb;mybboard:mybb;mybb:mybb_hot_editor_plugin;mybb:devbb;mybb:ajax_forum_stat;mybulletinboard:mybulletinboard
nodejs:node.js;nodejs:nodejs
ntp:ntp;ntp:ntp-dev
openbsd:openbsd;openbsd:opensmtpd;openbsd:ftpd;openbsd:libressl
openssl:openssl;openssl_project:openssl
openstack:compute;openstack:compute_%28nova%29;openstack:compute_%28nova%29_folsom;openstack:compute_%28nova%29_essex
openstack:keystone;openstack:keystonemiddleware;openstack:keystone_essex
oracle:berkeley_db;oracle:oracle_berkeley_db
oscommerce:oscommerce;oscommerce:online_merchant;oscommerce:poll_booth;oscommerce:php_point_of_sale;oscommerce:osc2nuke;oscommerce:luottokunta;oscommerce:finnish_bank_payment;oscommerce:customer_testimonials
otrs:otrs;otrs:otrs_help_desk;otrs:iphonehandle;otrs:faq;otrs:otrs_itsm
pcre:pcre;pcre:perl_compatible_regular_expression_library;pcre:pcre2;perl:pcre
phorum:phorum;m_phorum:m_phorum
php_fusion:php_fusion;php_fusion:expanded_calendar_module;php_fusion:arcade_module
phpbb_group:phpbb;phpbb:phpbb;phpbb_group:phpbb_toplist;pnphpbb:pnphpbb2;pnphpbb:pnphpbb;phpbb:toplist;phpbb:tag_board;phpbb:supanav;phpbb:spamblockermod;phpbb:searchindexer;phpbb:prillian_french;phpbb:pjirc_module;phpbb:phpbbmod;phpbb:phpbb_plus;phpbb:mutant;phpbb:module_xs;phpbb:maluinfo;phpbb:lat2cyr;phpbb:journals_system_module;phpbb:ip-tracking;phpbb:insert_user;phpbb:import_tools;phpbb:garage;phpbb:ezboard_converter;phpbb:dimension;phpbb:amazonia_mod;phpbb:ajax_shoutbox;phpbb:advanced_quick_reply_hack;phpbb:acp_user_registration_module;phpbb:123_flash_chat_module;phpbb%2b%2b:phpbb%2b%2b
pligg:pligg_cms;pligg:pligg
plone:plone;lone:plone_cms;plone:plone_hotfix_20110720
poppler:poppler;freedesktop:poppler
proftpd_project:proftpd;proftpd:proftpd
puppetlabs:puppet;puppetmaster:webutil;puppetlabs:puppet_server;puppetlabs:puppet_agent;puppetlabs:mcollective-puppet-agent;puppetlabs:marionette-collective;puppetlabs:facter;puppetlabs:stdlib;puppetlabs:puppetlabs-rabbitmq;puppetlabs:puppet_dashboard;puppetlabs:mcollective;puppetlabs:hiera;puppet_master:webutil;puppet:puppet
python:python;python_software_foundation:python
quagga:quagga;quagga:quagga_routing_software_suite
redhat:openshift;openshift:origin;redhat:openshift_origin
roundcube:webmail;roundcube:roundcube_webmail
rubyonrails:ruby_on_rails;rubyonrails:rails;rubyonrails:web_console;rubyonrails:jquery-ujs;rubyonrails:jquery-rails
s9y:serendipity;serendipity:serendipity;s9y:serendipity_freetag-plugin;sy9:serendipity
samba:samba;samba:samba_server;sambar:sambar_server
simple_machines:simple_machines_forum;simplemachines:simple_machines_forum
squirrelmail:squirrelmail;squirrelmail:vacation_plugin;squirrelmail:s_mime_plugin;squirrelmail:imap_general.php;squirrelmail:address_add_plugin;squirrelmail:gpg_plugin
ssh:ssh;libssh:libssh;ssh:ssh2;ssh:secure_shell
tcpdump:tcpdump;lbl:tcpdump;redhat:tcpdump
tiki:tikiwiki;tiki:tikiwiki_cms%2fgroupware;tiki:tikiwiki;tiki:tikiwiki_cms/groupware
tor:tor;torproject:tor
typo3:typo3;typo3:wec_discussion_forum;typo3:dam_frontend_extension;typo3:pdf_generator_2_extension;typo3:wt_gallery;typo3:ws_ecard;typo3:wir_ber_uns_extension;typo3:toi_category;typo3:terminal;typo3:sr_feuser_register_extension;typo3:sql_frontend_extension;typo3:eluna_page_comments_extension;typo3:commerce_extension;typo3:beuserswitch;typo3:air_filemanager;typo3:address_directory;typo3:zak_store_management;typo3:xds_staff;typo3:ws_gallery;typo3:vm19_userlinks;typo3:vd_gemomap;typo3:tu-clausthal_staff;typo3:tu-clausthal_odin;typo3:ttpedit;typo3:tjs_reslib;typo3:support_view_extension;typo3:skt_eurocalc;typo3:simplesurvey;typo3:sg_zfelib;typo3:send_a_card;typo3:secure_directory;typo3:sbanner;typo3:sb_universal_plugin;typo3:rlmp_eventdb;typo3:pmk_rssnewsexport_extension;typo3:pinboard_extension;typo3:phpmyadmin;typo3:pb_clanlist;typo3:page_improvements;typo3:packman_extension;typo3:news_calendar_extension;typo3:neos;typo3:nd_antispam;typo3:mm_whtppr;typo3:mjseventpro;typo3:mimi_tipfriends;typo3:mannschaftsliste;typo3:majordomo;typo3:m1_intern;typo3:kj_imagelightbox2;typo3:kiddog_mysqldumper;typo3:kb_unpack_extension;typo3:jobcontrol;typo3:job_reports;typo3:industry_database;typo3:fsmi_people;typo3:frontend_users_view;typo3:freecap_captcha_extension;typo3:flow;typo3:file_list_extension;typo3:econda_plugin;typo3:dl3_tt_news_alerts;typo3:dictionary_extension;typo3:codeon_petition_extension;typo3:cms_poll_system_extension;typo3:branchenbuch_extension;typo3:brainstorming;typo3:bb_simplejobs;typo3:autobeuser;typo3:another_bakend_login;typo3:aeurltool;typo3:advcalendar_extension
videolan:vlc_media_player;videolan:vlc
vtiger:vtiger_crm;vtiger:crm
w3m_project:w3m;w3m:w3m
web-app.org:webapp;web-app.net:webapp;web_app.net:webapp
wordpress:wordpress;wordpress:wordpress_mu;wordpress:sniplets_plugin;wordpress_spreadsheet_project:wordpress_spreadsheet;wordpress_social_login_project:wordpress_social_login;wordpress_responsive_preview_project:wordpress_responsive_preview;wordpress_mobile_pack_project:wordpress_mobile_pack;wordpress_integrator_project:wordpress_integrator;wordpress_file_upload_project:wordpress_file_upload;wordpress_backup_to_dropbox_project:wordpress_backup_to_dropbox;wordpress:wpss;wordpress:wp-footnotes;wordpress:wp-contactform;wordpress:wp_maintenance_mode_plugin;wordpress:wp_forum;wordpress:wp_downloads_manager;wordpress:wp_download;wordpress:wp_cal_plugin;wordpress:wordspew;wordpress:wordpress-users;wordpress:wordpressclassic;wordpress:upload_file_plugin;wordpress:unamed_theme_se;wordpress:unamed_theme;wordpress:st_newsletter_plugin;wordpress:spambam_plugin;wordpress:slideshow_gallery2;wordpress:sirius;wordpress:search_unleashed_plugin;wordpress:pool;wordpress:plugin_newsletter_plugin;wordpress:pictpress;wordpress:photo_album_plugin;wordpress:peter%27s_math_anti-spam_for_wordpress;wordpress:permalinks_migration_plugin;wordpress:page_flip_image_gallery_plugin;wordpress:mail_plugin;wordpress:lanoba_social_plugin;wordpress:filemanager;wordpress:fgallery_plugin;wordpress:fcchat_widget;wordpress:download_monitor_plugin;wordpress:dean_logan_wp-people_plugin;wordpress:cryptographp;wordpress:captcha;wordpress:blixkrieg;wordpress:blixed;wordpress:alert_before_you_post;wordpress:adserve
xine:xine-lib;xine:xine;xine:gxine;gxine:gxine
xmlsoft:libxml;xmlsoft:libxml2;xml-libxml_project:xml_libxml
xpdf:xpdf;foolabs:xpdf
todd_miller:sudo;sudo_project:sudo
apple:webkit;webkit:webkit
ffmpeg:ffmpeg;ffmpeg:libavcodec;ffmpeg:lavf_demuxer
apple:darwin_streaming_server;opendarwin:darwin_kernel;darwin:darwin